file,id,external_id__v,rendition_type__v,major_version_number__v,minor_version_number__v
,2857,,,0,1
,2880,,,0,1
,2912,,,0,1
/1763/122/0_1/Lighthouse.jpg,122,,,0,1
,2804,,,0,1
,2849,,,0,1
,2812,,,0,1
,2904,,,0,1
file:///etc/passwd,107,,,0,1
,2872,,,0,1
/1763/69/0_6/Screen Shot 2016-06-15 at 20.45.02.png,69,,,0,6
,2811,,,0,1
,2856,,,0,1
,2905,,,0,1
/1763/123/0_1/cathorse.jpg,123,,,0,1
,2805,,,0,1
,2911,,,0,1
,2871,,,0,1
,2920,,,0,1
,2865,,,0,1
,2820,,,0,1
,2881,,,0,1
,2806,,,0,1
,2910,,,0,1
,2906,,,0,1
,2810,,,0,1
,2882,,,0,1
,2947,,,0,1
,2821,,,0,1
/1763/105/0_1/x.gif,105,,,0,1
,2913,,,0,1
/1763/87/0_1/pENTESTCSRF.jpg,87,,,0,1
,2921,,,0,1
,2874,,,0,1
,2847,,,0,1
,2939,,,0,1
,3858,,,0,1
,2839,,,0,1
,2813,,,0,1
,2864,,,0,1
,2903,,,0,1
,2803,,,0,1
,2867,,,0,1
,2854,,,0,1
,2938,,,0,1
,2876,,,0,1
/1763/103/0_1/prueba.txt,103,,,0,1
,2823,,,0,1
,2931,,,0,1
,2891,,,0,1
,2884,,,0,1
/1763/248/0_1/cathorse.jpg,248,,,0,1
/1763/94/0_3/XXE.docx,94,,,0,3
,2815,,,0,1
,2798,,,0,1
,2900,,,0,1
,2868,,,0,1
,2945,,,0,1
,2807,,,0,1
,3874,,,0,1
/1763/1463/0_1/prueba.txt,1463,,,0,1
,2924,,,0,1
,2862,,,0,1
,2937,,,0,1
,2875,,,0,1
,2830,,,0,1
/1763/104/0_1/Chrysanthemum.jpg,104,,,0,1
,2869,,,0,1
,2801,,,0,1
/1763/704/0_1/cathorse.jpg,704,,,0,1
,3859,,,0,1
,2808,,,0,1
,2946,,,0,1
,2814,,,0,1
,2889,,,0,1
,2863,,,0,1
,2793,,,0,1
/1763/98/0_1/file.zip,98,,,0,1
,2925,,,0,1
,2917,,,0,1
/1763/124/0_1/cathorse.jpg,124,,,0,1
,2802,,,0,1
,2890,,,0,1
,2828,,,0,1
,2932,,,0,1
,2855,,,0,1
,2940,,,0,1
,2896,,,0,1
,2883,,,0,1
,2799,,,0,1
,2835,,,0,1
,2870,,,0,1
,2848,,,0,1
,2822,,,0,1
,2919,,,0,1
,2795,,,0,1
,2895,,,0,1
,2819,,,0,1
,2942,,,0,1
,70,,,0,1
,2850,,,0,1
,2834,,,0,1
,2934,,,0,1
,2926,,,0,1
,2842,,,0,1
,2887,,,0,1
,2879,,,0,1
,2894,,,0,1
,2843,,,0,1
,2943,,,0,1
,2918,,,0,1
,2888,,,0,1
,2818,,,0,1
,2933,,,0,1
,2833,,,0,1
,2878,,,0,1
,2927,,,0,1
,2794,,,0,1
/1763/99/0_1/file.zip,99,,,0,1
,2827,,,0,1
,3876,,,0,1
,2836,,,0,1
,2944,,,0,1
,2897,,,0,1
,2936,,,0,1
,2844,,,0,1
,2797,,,0,1
,2809,,,0,1
,2885,,,0,1
/1763/61/0_1/23CmdCCalcA0.PNG,61,,,0,1
/1763/102/0_1/Payload.svg,102,,,0,1
,2826,,,0,1
,2892,,,0,1
,2800,,,0,1
,2877,,,0,1
,2792,,,0,1
,2916,,,0,1
,2909,,,0,1
,2929,,,0,1
,2851,,,0,1
/1763/71/0_1/23CmdCCalcA0.PNG,71,,,0,1
,2829,,,0,1
,2816,,,0,1
,2841,,,0,1
,2941,,,0,1
,2838,,,0,1
,2923,,,0,1
,2831,,,0,1
,2791,,,0,1
,2898,,,0,1
,2853,,,0,1
/1763/62/0_2/150.jpg,62,,,0,2
,2915,,,0,1
,2907,,,0,1
,2861,,,0,1
/1763/140/0_1/Koala.jpg,140,,,0,1
,2930,,,0,1
,2824,,,0,1
,2837,,,0,1
,2852,,,0,1
,2908,,,0,1
,2859,,,0,1
,2846,,,0,1
,2914,,,0,1
,2901,,,0,1
,2825,,,0,1
/1763/120/0_1/Desert.jpg,120,,,0,1
/1763/68/0_1/Basic Sample Resume.docx,68,,,0,1
/1763/63/0_2/x22>%2522><svg onload=alert(1)>.jpeg.jpeg,63,,,0,2
,2817,,,0,1
,2866,,,0,1
,2840,,,0,1
,2902,,,0,1
,2928,,,0,1
/1763/113/0_1/prueba.txt,113,,,0,1
,2893,,,0,1
/1763/139/0_1/87817.jpg,139,,,0,1
/1763/121/0_1/Jellyfish.jpg,121,,,0,1
,91,,,2,0
,2858,,,0,1
,2796,,,0,1
,2845,,,0,1
,2832,,,0,1
/1763/106/0_1/87817.jpg,106,,,0,1
,2948,,,0,1
,2935,,,0,1
,2922,,,0,1
,2860,,,0,1
,2873,,,0,1
/1763/119/0_1/Tulips.jpg,119,,,0,1
,2886,,,0,1
,2899,,,0,1
